text,label
Local team wins the regional championship after a dramatic final.,sports
Government announces new tax reforms starting next year.,politics
Tech company unveils a breakthrough in quantum computing.,technology
Star player suffers injury during last night's match.,sports
New policy proposal sparks debate in the national parliament.,politics
AI startup receives major investment from global fund.,technology
Fans celebrate as underdog team scores unexpected victory.,sports
President discusses economic strategy in recent interview.,politics
Scientists release new findings on climate change impact.,technology
Coach resigns following team's disappointing season.,sports
International summit addresses global political tensions.,politics
Major smartphone manufacturer reveals upcoming device features.,technology
Championship finals draw record-breaking crowd size.,sports
Lawmakers clash over controversial immigration amendments.,politics
New robotics platform promises to automate key industries.,technology
Football league introduces updated safety regulations.,sports
Senate committee reviews proposal for environmental bill.,politics
Breakthrough battery design increases electric vehicle range.,technology
National team prepares for World Cup qualifiers.,sports
Economic report shows slower growth than expected.,politics
